date,open,high,low,close,volume,unadjustedVolume,change,changePercent,vwap,label,changeOverTime
2017-09-01,64.7864,65.4084,63.8145,65.2918,7341133,7341133,65.2918,0,65.092,"Sep 1, 17",0
2017-09-05,65.1363,65.2821,63.1537,63.1537,10832692,10832692,-2.1382,-3.275,63.9612,"Sep 5, 17",-0.03274683804091776
2017-09-06,63.3675,63.4938,62.2109,63.0467,10345913,10345913,-0.10691,-0.169,62.9006,"Sep 6, 17",-0.03438563494956478
2017-09-07,62.7843,63.1245,62.415,62.8621,6382521,6382521,-0.184659,-0.293,62.8678,"Sep 7, 17",-0.03721294251345494
2017-09-08,63.0759,63.3675,62.8232,63.0273,8099999,8099999,0.165222,0.263,63.0539,"Sep 8, 17",-0.03468276261337562
2017-09-11,63.4161,65.2724,63.3675,64.9711,11567033,11567033,1.9438,3.084,64.7781,"Sep 11, 17",-0.0049117959682531045
2017-09-12,66.2831,67.3036,65.8951,66.5942,14631020,14631020,1.6231,2.498,66.5325,"Sep 12, 17",0.019947374708615875
2017-09-13,66.9635,67.6438,66.3706,67.5466,9223585,9223585,0.952456,1.43,67.1632,"Sep 13, 17",0.03453419878147031
2017-09-14,67.6438,68.3241,67.2745,68.052,12264841,12264841,0.505383,0.748,67.9909,"Sep 14, 17",0.04227483389950977
2017-09-15,68.2852,68.7129,67.5466,67.8965,32382148,32382148,-0.155503,-0.229,68.0432,"Sep 15, 17",0.039893217831335766
2017-09-18,68.0326,68.3922,67.6632,67.809,7193708,7193708,-0.08747,-0.129,67.9134,"Sep 18, 17",0.03855308017239535
2017-09-19,68.052,68.1395,67.6827,68.0812,6713280,6713280,0.27213,0.401,67.9944,"Sep 19, 17",0.042722056981121685
2017-09-20,68.3047,68.5185,67.7022,68.431,6812432,6812432,0.349883,0.514,68.2269,"Sep 20, 17",0.04807954444509115
2017-09-21,68.431,68.5185,68.1297,68.3436,4450285,4450285,-0.087472,-0.128,68.3292,"Sep 21, 17",0.04674093837204672
2017-09-22,68.1686,68.2561,67.7216,67.9937,4078750,4078750,-0.349881,-0.512,67.9892,"Sep 22, 17",0.041381919322181486
2017-09-25,68.1006,68.4019,67.2648,68.363,6419196,6419196,0.369319,0.543,68.0345,"Sep 25, 17",0.04703806603585756
2017-09-26,68.2852,68.4949,67.3814,67.4008,5244251,5244251,-0.962175,-1.407,67.8009,"Sep 26, 17",0.03230114654520183
2017-09-27,67.566,67.566,66.3512,66.8663,7044021,7044021,-0.534541,-0.793,66.8346,"Sep 27, 17",0.024114819931446225
2017-09-28,66.5164,67.1287,65.8652,67.119,7885679,7885679,0.252692,0.378,66.7862,"Sep 28, 17",0.027985137490465953
2017-09-29,67.0607,67.4591,66.6427,67.2842,5746573,5746573,0.165223,0.246,67.2117,"Sep 29, 17",0.03051531739054527
2017-10-02,67.4494,68.4408,67.2064,68.4408,6044629,6044629,1.1566,1.719,67.8544,"Oct 2, 17",0.04822963986289245
2017-10-03,68.431,68.6351,67.9355,68.3824,6796348,6796348,-0.058313,-0.085,68.271,"Oct 3, 17",0.047335193699668404
2017-10-04,68.5963,68.917,68.4602,68.4699,5999448,5999448,0.087469,0.128,68.6337,"Oct 4, 17",0.048675331358608596
2017-10-05,68.8295,69.0045,68.2658,68.9753,5481589,5481589,0.505386,0.738,68.7184,"Oct 5, 17",0.05641596647664806
2017-10-06,68.8101,69.228,68.6351,69.2183,4247331,4247331,0.242973,0.352,69.0372,"Oct 6, 17",0.060137720203762256
2017-10-09,69.1988,69.8597,69.0045,69.6653,5278932,5278932,0.447071,0.646,69.5335,"Oct 9, 17",0.06698390915857745
2017-10-10,69.5487,69.7334,69.16,69.5584,4829699,4829699,-0.106908,-0.153,69.5122,"Oct 10, 17",0.06534664383582642
2017-10-11,69.4904,69.6167,68.9267,69.607,5091115,5091115,0.048594,0.07,69.3258,"Oct 11, 17",0.06609099458124917
2017-10-12,69.4904,69.6167,69.2085,69.3932,4464655,4464655,-0.213816,-0.307,69.4805,"Oct 12, 17",0.06281646393574689
2017-10-13,69.5196,69.6848,69.1502,69.4224,5136216,5136216,0.029156,0.042,69.4484,"Oct 13, 17",0.06326368701735902
2017-10-16,69.782,69.7917,68.8198,68.9364,4336975,4336975,-0.485945,-0.7,69.0472,"Oct 16, 17",0.055820179563130616
2017-10-17,68.8101,68.9413,68.5477,68.8878,5606700,5606700,-0.048595,-0.07,68.7955,"Oct 17, 17",0.055075828817707645
2017-10-18,68.8684,68.9753,68.5768,68.7906,4755382,4755382,-0.097191,-0.141,68.76,"Oct 18, 17",0.05358712732686192
2017-10-19,68.6643,69.0773,68.3144,68.8975,6006408,6006408,0.106909,0.155,68.8631,"Oct 19, 17",0.05522439264961295
2017-10-20,69.1988,69.3836,69.0045,69.1794,7374262,7374262,0.281848,0.409,69.1796,"Oct 20, 17",0.05954193329024481
2017-10-23,69.9277,70.1511,69.3932,69.539,11205340,11205340,0.359602,0.52,69.7111,"Oct 23, 17",0.06504951617201558
2017-10-24,69.8208,70.093,69.5973,69.8403,10364834,10364834,0.301287,0.433,69.8171,"Oct 24, 17",0.06966418447645806
2017-10-25,69.8403,70.0735,68.9364,69.1211,6559212,6559212,-0.719202,-1.03,69.3863,"Oct 25, 17",0.058649018712916536
2017-10-26,70.2971,71.7743,70.0055,70.9968,16846954,16846954,1.8758,2.714,70.8845,"Oct 26, 17",0.08737697536290925
2017-10-27,70.9482,71.0454,70.1999,70.5012,8587317,8587317,-0.495664,-0.698,70.4819,"Oct 27, 17",0.07978643566267131
2017-10-30,70.2874,70.5692,69.5097,69.6653,5860821,5860821,-0.83583,-1.186,69.9488,"Oct 30, 17",0.06698390915857745
2017-10-31,69.8889,70.4283,69.5876,70.2776,6007601,6007601,0.612292,0.879,70.1086,"Oct 31, 17",0.07636180959936795
2017-11-01,71.0551,71.5119,70.2874,71.2592,7968525,7968525,0.981614,1.397,70.9716,"Nov 1, 17",0.09139585675383452
2017-11-02,69.9958,71.1426,69.5487,70.0152,10314302,10314302,-1.244,-1.746,70.0882,"Nov 2, 17",0.0723429282084427
2017-11-03,70.0638,70.2388,68.8684,69.16,8619088,8619088,-0.855266,-1.222,69.1688,"Nov 3, 17",0.05924480562643398
2017-11-06,69.3932,69.7139,68.1589,68.2658,9270953,9270953,-0.894142,-1.293,68.7032,"Nov 6, 17",0.045549364545011836
2017-11-07,68.8975,69.1502,68.3436,69.1405,6719034,6719034,0.874704,1.281,68.8421,"Nov 7, 17",0.058946146376727376
2017-11-08,69.3057,69.4904,68.7226,68.8198,6091437,6091437,-0.320725,-0.464,68.9438,"Nov 8, 17",0.05403435040847405
2017-11-09,68.5185,68.5574,68.0423,68.2561,4529926,4529926,-0.563698,-0.819,68.2469,"Nov 9, 17",0.04540080071310653
2017-11-10,68.2561,68.5088,67.7799,68.0034,7127142,7127142,-0.252692,-0.37,68.0577,"Nov 10, 17",0.0415304831540868
2017-11-13,69.4079,69.4275,68.421,68.5285,6865130,6865130,0.525077,0.772,68.7531,"Nov 13, 17",0.04957284069362461
2017-11-14,68.206,68.333,66.7745,67.0041,8133045,8133045,-1.5244,-2.224,67.2649,"Nov 14, 17",0.026225345296040224
2017-11-15,66.6621,67.5611,66.4422,67.395,14901145,14901145,0.390866,0.583,67.1242,"Nov 15, 17",0.03221231456323767
2017-11-16,67.7761,69.1539,67.4927,69.0659,9595780,9595780,1.671,2.479,68.5606,"Nov 16, 17",0.057803583298362195
2017-11-17,69.0366,69.5838,68.89,69.1245,8784131,8784131,0.058629,0.085,69.1995,"Nov 17, 17",0.0587010926333782
2017-11-20,69.0464,69.6424,68.9291,69.232,5600160,5600160,0.107489,0.156,69.2976,"Nov 20, 17",0.06034754747150491
2017-11-21,69.7695,70.1359,69.4763,69.6327,8091913,8091913,0.400637,0.579,69.7455,"Nov 21, 17",0.06648461215650366
2017-11-22,69.7206,69.7499,68.9877,68.9877,6403981,6403981,-0.644929,-0.926,69.1051,"Nov 22, 17",0.056605883127743596
2017-11-24,68.9877,69.7597,68.9193,69.535,2636225,2636225,0.547212,0.793,69.4281,"Nov 24, 17",0.06498825273617824
2017-11-27,69.4079,69.4275,68.421,68.5285,6865430,6865430,-1.0065,-1.447,68.7531,"Nov 27, 17",0.04957284069362461
2017-11-28,68.6946,69.574,68.5285,69.4666,8536608,8536608,0.938076,1.369,69.2118,"Nov 28, 17",0.06394064798336092
2017-11-29,69.5447,70.2874,69.2516,70.1408,6437722,6437722,0.674244,0.971,69.9427,"Nov 29, 17",0.07426660009373312
2017-11-30,70.1799,71.1668,69.8082,70.3167,8947524,8947524,0.175889,0.251,70.3598,"Nov 30, 17",0.07696065968467714
2017-12-01,70.6685,70.9518,69.0561,69.3884,7635467,7635467,-0.928305,-1.32,69.7079,"Dec 1, 17",0.06274294781274233
2017-12-04,70.0822,71.3207,69.8672,70.4828,8568660,8568660,1.0944,1.577,70.8089,"Dec 4, 17",0.07950462385781987
2017-12-05,71.2743,71.5284,69.8672,69.9063,8653891,8653891,-0.576526,-0.818,70.3538,"Dec 5, 17",0.07067503116777309
2017-12-06,70.0235,70.1506,69.3298,69.4568,5718907,5718907,-0.449494,-0.643,69.5954,"Dec 6, 17",0.06379055256555964
2017-12-07,69.3786,69.8672,69.2319,69.7402,6199520,6199520,0.283376,0.408,69.663,"Dec 7, 17",0.06813106699463037
2017-12-08,69.5838,69.8867,68.7141,69.1148,8554883,8554883,-0.625385,-0.897,69.3153,"Dec 8, 17",0.058552528801472895
2017-12-11,69.1636,69.7792,69.0659,69.1929,6637423,6637423,0.078174,0.113,69.3158,"Dec 11, 17",0.05974869738619551
2017-12-12,69.2907,69.5252,69.0513,69.1734,9231704,9231704,-0.019543,-0.028,69.2377,"Dec 12, 17",0.05945003813648891
2017-12-13,69.0659,69.4275,68.8119,68.9487,9708476,9708476,-0.224747,-0.325,69.1338,"Dec 13, 17",0.05600856462833017
2017-12-14,68.9975,69.3102,68.4698,68.7141,7043250,7043250,-0.234519,-0.34,68.8692,"Dec 14, 17",0.05241546411647416
2017-12-15,68.4454,68.8314,68.2646,68.4014,16367655,16367655,-0.312693,-0.455,68.4463,"Dec 15, 17",0.04762619501989531
2017-12-18,68.7923,70.0529,68.636,69.7597,7101853,7101853,1.3583,1.986,69.7231,"Dec 18, 17",0.06842972624433696
2017-12-19,69.7792,70.1066,69.5936,69.789,5166907,5166907,0.029315,0.042,69.8415,"Dec 19, 17",0.06887848091184508
2017-12-20,70.0333,70.4144,69.6131,69.6424,5837730,5837730,-0.146574,-0.21,69.8544,"Dec 20, 17",0.06663317598840897
2017-12-21,70.1017,70.1603,69.3884,70.004,7250309,7250309,0.361549,0.519,69.9135,"Dec 21, 17",0.07217139058809852
2017-12-22,70.346,70.6978,70.1213,70.4633,4378410,4378410,0.459268,0.656,70.4526,"Dec 22, 17",0.07920596460811326
2017-12-26,70.4633,70.5219,69.6815,69.8086,3230974,3230974,-0.6547,-0.929,69.8898,"Dec 26, 17",0.06917867174744767
2017-12-27,70.0138,70.1115,69.662,69.8086,4259551,4259551,0,0,69.7971,"Dec 27, 17",0.06917867174744767
2017-12-28,69.7499,69.9942,69.2711,69.877,4343255,4343255,0.068402,0.098,69.7261,"Dec 28, 17",0.07022627650026497
2017-12-29,70.1701,70.2092,69.5936,69.5936,4745557,4745557,-0.283379,-0.406,69.7528,"Dec 29, 17",0.06588576207119425
2018-01-02,69.9356,70.5414,69.7695,70.2581,7430608,7430608,0.664472,0.955,70.0788,"Jan 2, 18",0.07606315034966113
2018-01-03,70.3655,71.4697,70.0529,71.3818,7885764,7885764,1.1237,1.599,71.1222,"Jan 3, 18",0.09327358106224677
2018-01-04,71.4991,73.0283,71.4697,72.7498,9716612,9716612,1.368,1.916,72.671,"Jan 4, 18",0.11422567611859374
2018-01-05,72.7987,73.8149,72.7889,73.6977,9140192,9140192,0.947849,1.303,73.5134,"Jan 5, 18",0.12874357882613136
2018-01-08,73.6195,73.7661,72.7694,73.4436,5822418,5822418,-0.254063,-0.345,73.3677,"Jan 8, 18",0.12485181906456874
2018-01-09,73.2286,74.5967,72.955,73.6195,7573431,7573431,0.175889,0.239,73.9357,"Jan 9, 18",0.12754587865551276
2018-01-10,73.2873,73.6488,72.2124,72.5055,7134595,7134595,-1.114,-1.513,72.6686,"Jan 10, 18",0.11048401177483243
2018-01-11,72.701,73.512,72.5153,73.5022,5956914,5956914,0.996705,1.375,73.2519,"Jan 11, 18",0.12574932839958475
2018-01-12,73.8442,73.8997,73.2775,73.6879,4982697,4982697,0.185662,0.253,73.5978,"Jan 12, 18",0.12859348340833007
2018-01-16,74.0299,74.6069,72.6423,73.2384,7237518,7237518,-0.449494,-0.61,73.4843,"Jan 16, 18",0.12170900480611661
2018-01-17,74.2351,74.6064,73.3752,74.0397,7768222,7768222,0.801272,1.094,74.0705,"Jan 17, 18",0.1339816025902181
2018-01-18,73.8442,74.8996,73.4045,74.2937,10220286,10220286,0.254063,0.343,74.3311,"Jan 18, 18",0.13787183076588494
2018-01-19,74.7432,74.7432,74.0299,74.2742,8179008,8179008,-0.019543,-0.026,74.3944,"Jan 19, 18",0.13757317151617812
2018-01-22,74.0592,74.4403,73.5706,74.4403,6074526,6074526,0.166117,0.224,74.1959,"Jan 22, 18",0.14011713568932085
2018-01-23,74.1276,74.626,73.8791,74.4012,5663582,5663582,-0.039085,-0.053,74.3151,"Jan 23, 18",0.13951828560401167
2018-01-24,74.538,75.3198,73.8833,74.2742,9253691,9253691,-0.127032,-0.171,74.4818,"Jan 24, 18",0.13757317151617812
2018-01-25,74.5869,75.2123,74.4696,74.8996,6660050,6660050,0.625385,0.842,74.8982,"Jan 25, 18",0.14715170970933583
2018-01-26,74.8214,75.2611,73.5413,75.2611,6201046,6201046,0.36155,0.483,74.9782,"Jan 26, 18",0.15268839272312917
2018-01-29,75.2611,75.3002,74.0983,74.1374,5883221,5883221,-1.1237,-1.493,74.571,"Jan 29, 18",0.13547796201054352
2018-01-30,73.7661,74.2449,73.2091,73.4143,7536597,7536597,-0.723101,-0.975,73.5358,"Jan 30, 18",0.12440306439706063
2018-01-31,73.6586,74.3133,73.0821,73.854,10170190,10170190,0.439725,0.599,73.6697,"Jan 31, 18",0.13113744758147278
2018-02-01,72.9746,74.2644,71.7531,71.8215,13258373,13258373,-2.0325,-2.752,72.4383,"Feb 1, 18",0.10000796424665893
2018-02-02,71.3916,71.6163,69.0268,69.2711,12794618,12794618,-2.5504,-3.551,69.8631,"Feb 2, 18",0.06094639755681432
2018-02-05,68.5871,70.2241,65.4993,66.2908,19108846,19108846,-2.9803,-4.302,67.8308,"Feb 5, 18",0.015300543100358843
2018-02-06,65.1084,70.3069,64.6785,70.2483,23151934,23151934,3.9575,5.97,68.2577,"Feb 6, 18",0.07591305493185983
2018-02-07,69.3395,70.4926,68.9096,68.9877,11215147,11215147,-1.2605,-1.794,69.7597,"Feb 7, 18",0.056605883127743596
2018-02-08,69.0561,69.8476,66.5644,66.6523,13079261,13079261,-2.3354,-3.385,67.9615,"Feb 8, 18",0.020837226114152188
2018-02-09,67.2875,68.6164,65.7045,67.8933,13137503,13137503,1.241,1.862,67.0704,"Feb 9, 18",0.039844207082665846
2018-02-12,68.5969,70.4046,68.5676,70.1994,10242542,10242542,2.3061,3.397,69.671,"Feb 12, 18",0.07516410942874913
2018-02-13,69.7108,70.1115,68.9877,69.1343,6619120,6619120,-1.0651,-1.517,69.4838,"Feb 13, 18",0.0588511880511795
2018-02-14,68.3917,69.8672,68.3037,69.7011,7483385,7483385,0.566755,0.82,69.3035,"Feb 14, 18",0.06753221690932096
2018-02-15,70.4144,70.6001,69.2613,70.2092,6405878,6405878,0.508124,0.729,70.0472,"Feb 15, 18",0.07531420484655042
2018-02-16,70.0235,71.2792,69.877,70.3069,6939146,6939146,0.097716,0.139,70.5336,"Feb 16, 18",0.07681056426687584
2018-02-20,69.9649,70.688,69.7011,69.9844,6743006,6743006,-0.322464,-0.459,70.1771,"Feb 20, 18",0.0718711997524957
2018-02-21,69.8672,70.9909,69.3004,69.3395,7298841,7298841,-0.644927,-0.922,70.0408,"Feb 21, 18",0.06199400230963163
2018-02-22,69.7011,71.0056,69.574,70.2874,6506456,6506456,0.947848,1.367,70.377,"Feb 22, 18",0.07651190501716924
2018-02-23,70.8053,71.6945,70.0626,71.587,6021458,6021458,1.2996,1.849,71.094,"Feb 23, 18",0.0964163953206989
2018-02-26,71.7433,72.4274,71.3818,72.3687,6646957,6646957,0.781731,1.092,72.0805,"Feb 26, 18",0.10838880226919781
2018-02-27,71.966,72.5062,71.0722,71.0722,6727280,6727280,-1.2965,-1.792,71.6361,"Feb 27, 18",0.08853179112844187
2018-02-28,71.2097,71.6615,68.9998,69.0489,8154011,8154011,-2.0233,-2.847,69.9418,"Feb 28, 18",0.05754321369605385
2018-03-01,68.8917,69.2355,67.1434,67.5363,10963015,10963015,-1.5126,-2.191,68.0395,"Mar 1, 18",0.03437644543418932
2018-03-02,67.055,67.5756,66.446,67.2122,9488512,9488512,-0.324126,-0.48,67.1136,"Mar 2, 18",0.029412575545474332
2018-03-05,66.7702,68.7444,66.3282,68.4203,9278886,9278886,1.2081,1.797,67.7558,"Mar 5, 18",0.047915664754226456
2018-03-06,68.8623,70.424,68.4105,69.5302,6677548,6677548,1.1099,1.622,69.441,"Mar 6, 18",0.06491473661317346
2018-03-07,68.4203,69.2453,68.1845,68.9212,7748132,7748132,-0.608966,-0.876,68.8171,"Mar 7, 18",0.05558737850694887
2018-03-08,69.2453,69.54,68.4571,69.3239,5739209,5739209,0.402703,0.584,69.0184,"Mar 8, 18",0.06175507490986617
2018-03-09,69.5891,70.9838,69.3534,70.9445,5267737,5267737,1.6206,2.338,70.4983,"Mar 9, 18",0.0865759559393371
2018-03-12,70.9544,71.9267,69.9132,70.0704,6995596,6995596,-0.874161,-1.232,70.5089,"Mar 12, 18",0.07318836362299726
2018-03-13,70.7776,71.141,69.2944,69.3141,11534414,11534414,-0.756297,-1.079,69.9527,"Mar 13, 18",0.06160497949206488
2018-03-14,69.6578,69.6578,67.6345,67.7622,8393876,8393876,-1.5519,-2.239,68.1743,"Mar 14, 18",0.03783629797309941
2018-03-15,67.8604,68.0463,66.6621,66.672,9032509,9032509,-1.0902,-1.609,67.2001,"Mar 15, 18",0.021138948535650758
2018-03-16,66.3478,67.4479,66.1809,66.7505,17712716,17712716,0.078577,0.118,66.7885,"Mar 16, 18",0.022341243463957303
2018-03-19,66.5639,66.6523,64.6437,65.3754,12865065,12865065,-1.3751,-2.06,65.3022,"Mar 19, 18",0.0012804058089990493
2018-03-20,65.6799,65.9844,64.9236,65.2085,10390941,10390941,-0.166975,-0.255,65.2997,"Mar 20, 18",-0.0012758110513111014
2018-03-21,65.2085,67.3399,64.9826,66.23,8183916,8183916,1.0215,1.567,66.2798,"Mar 21, 18",0.014369338875632302
2018-03-22,65.6308,66.3085,64.3343,64.4522,8923993,8923993,-1.7778,-2.684,65.0866,"Mar 22, 18",-0.012859195182243256
2018-03-23,64.4915,64.8745,61.8374,61.9377,13309621,13309621,-2.5144,-3.901,62.8027,"Mar 23, 18",-0.05137092253544849
2018-03-26,62.6056,63.4012,61.3189,63.3325,10362691,10362691,1.3947,2.252,62.5252,"Mar 26, 18",-0.030008362458991664
2018-03-27,63.5584,64.3343,62.0163,62.5074,11457836,11457836,-0.82505,-1.303,63.2447,"Mar 27, 18",-0.04264547768632505
2018-03-28,62.753,63.3128,61.2158,61.2993,11078758,11078758,-1.2081,-1.933,61.988,"Mar 28, 18",-0.06114856689507707
2018-03-29,61.5056,62.8905,61.2011,62.5762,12034470,12034470,1.2769,2.083,62.0552,"Mar 29, 18",-0.04159174658992393
2018-04-02,62.4387,62.9789,60.1796,60.9359,11698449,11698449,-1.6403,-2.621,61.0588,"Apr 2, 18",-0.06671435004089332
2018-04-03,61.1618,62.6547,60.3662,62.1931,11797865,11797865,1.2572,2.063,61.6818,"Apr 3, 18",-0.047459252157238646
2018-04-04,60.9064,62.6449,60.2287,62.5565,10645852,10645852,0.363415,0.584,61.612,"Apr 4, 18",-0.0418934690114225
2018-04-05,62.8708,64.4424,62.8021,64.2754,10358543,10358543,1.7189,2.748,63.944,"Apr 5, 18",-0.015567039046250682
2018-04-06,63.6664,63.8334,62.0752,62.5762,11325014,11325014,-1.6992,-2.644,62.8305,"Apr 6, 18",-0.04159174658992393
2018-04-09,62.8708,63.3227,62.3404,62.5565,12640092,12640092,-0.019643,-0.031,62.8866,"Apr 9, 18",-0.0418934690114225
2018-04-10,63.6959,65.2969,63.6959,64.7174,9250465,9250465,2.1608,3.454,64.7217,"Apr 10, 18",-0.008797429386232226
2018-04-11,63.9709,64.0986,63.3128,63.578,6872275,6872275,-1.1394,-1.761,63.694,"Apr 11, 18",-0.026248319084479093
2018-04-12,64.0298,65.6603,63.9415,65.287,8044492,8044492,1.709,2.688,65.1765,"Apr 12, 18",-0.00007351612300455514
2018-04-13,65.8076,66.1514,64.7075,64.9924,6083581,6083581,-0.294661,-0.451,65.3202,"Apr 13, 18",-0.0045855681724196835
2018-04-16,65.5031,66.0728,64.904,65.8174,5507469,5507469,0.825051,1.269,65.6474,"Apr 16, 18",0.008050015469017725
2018-04-17,66.1907,66.672,65.8469,66.3478,10950282,10950282,0.530389,0.806,66.2874,"Apr 17, 18",0.016173547061040003
2018-04-18,66.4755,67.1434,66.1907,66.8487,6650957,6650957,0.500924,0.755,66.7935,"Apr 18, 18",0.023845260813762204
2018-04-19,66.5541,66.6228,65.0219,65.346,10144215,10144215,-1.5028,-2.248,65.4406,"Apr 19, 18",0.0008301195555951695
2018-04-20,65.3754,65.7683,64.4424,64.8647,8723797,8723797,-0.481279,-0.737,64.9128,"Apr 20, 18",-0.006541403361524661
2018-04-23,64.6977,64.8843,64.3441,64.4325,5293914,5293914,-0.43217,-0.666,64.5499,"Apr 23, 18",-0.013160917603741825
2018-04-24,64.8352,65.0022,61.2305,62.0556,12438746,12438746,-2.3769,-3.689,62.6045,"Apr 24, 18",-0.04956518276414491
2018-04-25,62.2127,62.6105,61.3288,62.5074,7865687,7865687,0.451813,0.728,62.1923,"Apr 25, 18",-0.04264547768632505
2018-04-26,62.6646,63.4994,62.4485,62.9003,13409495,13409495,0.392882,0.629,63.0413,"Apr 26, 18",-0.036627876701208935
2018-04-27,62.8119,63.8137,62.5271,63.1753,6992843,6992843,0.275016,0.437,63.249,"Apr 27, 18",-0.032416015487396505
2018-04-30,63.578,63.745,62.1145,62.1145,7369825,7369825,-1.0608,-1.679,62.5307,"Apr 30, 18",-0.04866307867144106
2018-05-01,62.0851,62.2422,60.8681,61.9377,7165070,7165070,-0.176798,-0.285,61.4184,"May 1, 18",-0.05137092253544849
2018-05-02,61.7118,62.7923,61.7118,62.3601,8669545,8669545,0.422348,0.682,62.2446,"May 2, 18",-0.04490150371103251
2018-05-03,62.6646,64.3245,60.6805,62.3404,15473444,15473444,-0.019645,-0.032,62.103,"May 3, 18",-0.045203226132531076
2018-05-04,62.0851,64.0593,61.6038,63.3226,7921261,7921261,0.982204,1.576,63.2664,"May 4, 18",-0.03015998946268894
2018-05-07,63.3521,64.2263,63.2441,63.7646,6706217,6706217,0.441991,0.698,63.8295,"May 7, 18",-0.023390379802670374
2018-05-08,63.411,63.6861,62.6155,63.0869,6000101,6000101,-0.67772,-1.063,63.1581,"May 8, 18",-0.033769937419400216
2018-05-09,63.578,64.9727,63.5289,64.8549,10312284,10312284,1.768,2.802,64.4259,"May 9, 18",-0.006691498779325954
2018-05-10,64.9727,66.4952,64.904,65.7585,7500630,7500630,0.903626,1.393,65.7637,"May 10, 18",0.007147911376313765
2018-05-11,65.9157,66.4068,65.5228,65.7389,6451183,6451183,-0.019643,-0.03,65.9906,"May 11, 18",0.006847720540711178
2018-05-14,65.9942,66.5443,65.8469,66.3282,6628273,6628273,0.589322,0.896,66.2056,"May 14, 18",0.0158733562254372
2018-05-15,65.8764,66.2398,65.3263,65.9549,5971048,5971048,-0.373237,-0.563,65.8572,"May 15, 18",0.010155946075923777
2018-05-16,65.896,66.8782,65.621,66.8193,6053441,6053441,0.864339,1.31,66.6041,"May 16, 18",0.02339497456035832
2018-05-17,66.6032,67.4282,66.5148,66.947,8120467,8120467,0.127686,0.191,67.0029,"May 17, 18",0.0253508097494633
2018-05-18,66.7702,67.0747,66.171,66.3675,6011909,6011909,-0.579501,-0.866,66.4588,"May 18, 18",0.016475269482538572
2018-05-21,66.7898,67.5559,66.7898,67.4086,8146298,8146298,1.0411,1.569,67.3166,"May 21, 18",0.03242061024508456
2018-05-22,67.4282,67.4921,66.1219,66.2692,6128861,6128861,-1.1394,-1.69,66.8627,"May 22, 18",0.014969720546837475
2018-05-23,65.6897,65.9402,64.9826,65.8469,7170855,7170855,-0.422349,-0.637,65.5466,"May 23, 18",0.008501833308317587
2018-05-24,65.5228,66.1121,64.7763,65.1986,5254746,5254746,-0.648253,-0.984,65.2529,"May 24, 18",-0.0014274380550083773
2018-05-25,64.9433,64.9727,64.2459,64.5406,7132517,7132517,-0.658076,-1.009,64.5433,"May 25, 18",-0.011505273250239652
2018-05-29,63.8923,64.2459,62.3994,62.8021,9894903,9894903,-1.7385,-2.694,63.0311,"May 29, 18",-0.03813189405101394
2018-05-30,63.2467,64.3138,63.2368,64.0174,7184596,7184596,1.2153,1.935,63.8964,"May 30, 18",-0.01951853065775488
2018-05-31,63.9779,64.1261,63.2862,63.3455,11932126,11932126,-0.671891,-1.05,63.5218,"May 31, 18",-0.02980925629252056
2018-06-01,64.0964,65.7564,63.7012,65.3809,8903138,8903138,2.0354,3.213,65.0818,"Jun 1, 18",0.0013646430332752652
2018-06-04,65.707,66.6259,65.5983,66.3295,9338432,9338432,0.948553,1.451,66.3045,"Jun 4, 18",0.015893266842084322
2018-06-05,66.5271,68.0883,66.3493,67.0804,10348197,10348197,0.750937,1.132,67.1689,"Jun 5, 18",0.02739394533463624
2018-06-06,67.2286,69.3234,67.0508,69.2048,13919388,13919388,2.1244,3.167,68.6292,"Jun 6, 18",0.059930956107811566
2018-06-07,69.106,69.5605,68.1179,68.5922,9312759,9312759,-0.612606,-0.885,68.7414,"Jun 7, 18",0.05054846090933334
2018-06-08,68.612,69.1752,67.7128,68.6614,6227713,6227713,0.069166,0.101,68.5658,"Jun 8, 18",0.051608318349318075
2018-06-11,68.7009,69.0368,68.1278,68.6614,6776904,6776904,0,0,68.7349,"Jun 11, 18",0.051608318349318075
2018-06-12,68.8194,69.1949,68.4143,68.9479,7522997,7522997,0.286541,0.417,68.8316,"Jun 12, 18",0.055996311941162745
2018-06-13,68.938,69.0072,67.7227,67.7523,9395538,9395538,-1.1956,-1.734,68.1298,"Jun 13, 18",0.03768467096940214
2018-06-14,68.0685,68.1772,67.2286,67.5646,7463077,7463077,-0.187734,-0.277,67.5786,"Jun 14, 18",0.034809884242738044
2018-06-15,67.1397,67.3176,66.1615,66.9421,17299552,17299552,-0.622488,-0.921,66.882,"Jun 15, 18",0.025275762040562543
2018-06-18,66.369,67.1447,66.1714,66.9816,6563654,6563654,0.039523,0.059,66.8094,"Jun 18, 18",0.025880738469455666
2018-06-19,66.0133,66.0133,64.1962,65.5687,10741333,10741333,-1.4129,-2.109,65.0239,"Jun 19, 18",0.004240961345835341
2018-06-20,65.707,65.707,64.6695,65.1043,7191427,7191427,-0.464395,-0.708,65.1083,"Jun 20, 18",-0.002871723554872128
2018-06-21,64.9561,64.9561,64.2447,64.5016,6176499,6176499,-0.602726,-0.926,64.6035,"Jun 21, 18",-0.012102591749653077
2018-06-22,65.2624,66.4283,65.2624,66.201,18217183,18217183,1.6995,2.635,66.1178,"Jun 22, 18",0.013925178965811916
2018-06-25,65.5786,65.7614,64.2941,65.1932,8655304,8655304,-1.0078,-1.522,64.9028,"Jun 25, 18",-0.0015101436933886104
2018-06-26,65.7564,65.7564,65.0351,65.5193,5796598,5796598,0.326066,0.5,65.4548,"Jun 26, 18",0.0034843579132449445
2018-06-27,65.7465,66.6951,64.8177,64.8276,7872445,7872445,-0.691653,-1.056,65.6304,"Jun 27, 18",-0.007109621728915287
2018-06-28,64.8573,65.6082,63.8395,65.3612,6815706,6815706,0.53356,0.823,64.7728,"Jun 28, 18",0.0010629206117766961
2018-06-29,65.4402,66.5074,65.1142,65.1339,6663630,6663630,-0.227256,-0.348,65.6907,"Jun 29, 18",-0.002418374129676283
2018-07-02,64.7486,65.0648,63.9878,64.9857,6377874,6377874,-0.148212,-0.228,64.5979,"Jul 2, 18",-0.004688184427447255
2018-07-03,65.6576,65.9244,64.3138,64.3731,3583857,3583857,-0.612607,-0.943,64.9897,"Jul 3, 18",-0.01407067962592548
2018-07-05,64.9363,65.4798,64.3138,65.2821,5908703,5908703,0.90903,1.412,65.0199,"Jul 5, 18",-0.00014856383190531058
2018-07-06,65.213,65.5353,64.5312,65.1438,6140762,6140762,-0.138331,-0.212,65.1356,"Jul 6, 18",-0.002266747125979007
2018-07-09,65.4798,65.9936,65.3019,65.954,5906078,5906078,0.810222,1.244,65.7212,"Jul 9, 18",0.010142161802860369
2018-07-10,66.0528,67.3275,66.0528,67.0014,8053856,8053856,1.0474,1.588,66.9489,"Jul 10, 18",0.02618399247685022
2018-07-11,66.2307,66.2603,64.9758,65.5094,6909204,6909204,-1.492,-2.227,65.4899,"Jul 11, 18",0.003332730909547669
2018-07-12,66.0133,66.0133,65.0056,65.46,4751456,4751456,-0.049404,-0.075,65.4553,"Jul 12, 18",0.002576127476957272
2018-07-13,65.4205,66.0825,65.3513,65.5687,4059710,4059710,0.108688,0.166,65.6509,"Jul 13, 18",0.004240961345835341
2018-07-16,65.7367,65.8057,64.4225,64.9363,5760123,5760123,-0.632368,-0.964,64.8722,"Jul 16, 18",-0.005444787860037435
2018-07-17,64.7683,66.784,64.5312,66.2603,6170086,6170086,1.324,2.039,66.0727,"Jul 17, 18",0.01483340940209959
2018-07-18,66.2406,66.3987,65.6971,65.7959,5160011,5160011,-0.464395,-0.701,65.9289,"Jul 18, 18",0.007720724501392338
2018-07-19,65.7564,65.7564,64.7585,65.3513,7114186,7114186,-0.444634,-0.676,65.0869,"Jul 19, 18",0.0009112936080794202
2018-07-20,64.5905,65.292,64.0273,65.0351,6248402,6248402,-0.316185,-0.484,64.9726,"Jul 20, 18",-0.003931580994856859
2018-07-23,65.0944,65.2426,64.7091,64.9165,6255559,6255559,-0.118568,-0.182,64.9111,"Jul 23, 18",-0.005748041867431986
2018-07-24,65.2229,66.5765,64.9165,66.122,6561640,6561640,1.2055,1.857,66.0309,"Jul 24, 18",0.012715226108025893
2018-07-25,65.8849,66.9223,65.7367,66.7247,5573255,5573255,0.602726,0.912,66.2689,"Jul 25, 18",0.02194609430280684
2018-07-26,67.0706,67.7326,66.5666,67.4361,9703622,9703622,0.711414,1.066,67.2831,"Jul 26, 18",0.03284179636646564
2018-07-27,67.7326,68.0982,67.3769,67.5547,7393399,7393399,0.118569,0.176,67.6562,"Jul 27, 18",0.03465825723904077
2018-07-30,67.4658,68.2859,67.1298,67.2385,6611197,6611197,-0.316184,-0.468,67.5317,"Jul 30, 18",0.02981538263610449
2018-07-31,67.5547,68.276,67.4559,67.9499,7437854,7437854,0.711414,1.058,67.8451,"Jul 31, 18",0.04071108469976329
2018-08-01,67.6634,68.1327,66.9173,67.1496,6116996,6116996,-0.800341,-1.178,67.3857,"Aug 1, 18",0.02845380277462119
2018-08-02,65.2327,65.9046,64.3533,65.6477,11174936,11174936,-1.5019,-2.237,65.2963,"Aug 2, 18",0.005450914203621366
2018-08-03,66.0034,66.8235,65.4007,66.0232,7558295,7558295,0.375468,0.572,65.9498,"Aug 3, 18",0.011202019242845317
2018-08-06,65.5588,67.3275,65.4995,66.952,5714558,5714558,0.928791,1.407,66.8881,"Aug 6, 18",0.02542738904425982
2018-08-07,67.12,67.8314,67.0409,67.3275,8063089,8063089,0.375468,0.561,67.5046,"Aug 7, 18",0.031178494083483773
2018-08-08,67.3769,67.5745,66.7247,66.8532,6385827,6385827,-0.474276,-0.704,66.941,"Aug 8, 18",0.023914182179079244
2018-08-09,67.5152,68.6712,67.3275,68.197,8104275,8104275,1.3438,2.01,68.2792,"Aug 9, 18",0.04449563344861082
2018-08-10,67.8872,67.8907,66.8137,66.9322,7069242,7069242,-1.2647,-1.855,67.1209,"Aug 10, 18",0.02512413503686527
2018-08-13,66.8729,67.036,65.2663,65.7959,6517998,6517998,-1.1363,-1.698,65.9169,"Aug 13, 18",0.007720724501392338
2018-08-14,66.0331,67.2682,66.0331,66.7544,7018137,7018137,0.958432,1.457,66.8062,"Aug 14, 18",0.022400975313898668
2018-08-15,66.0133,66.0726,64.9165,65.6675,8185403,8185403,-1.0869,-1.628,65.4324,"Aug 15, 18",0.005754168211015917
2018-08-16,66.1912,66.7741,65.7762,66.2801,7201517,7201517,0.612606,0.933,66.3364,"Aug 16, 18",0.015136663409494142
2018-08-17,66.3591,67.2385,66.1022,66.9816,6483157,6483157,0.701534,1.058,66.7038,"Aug 17, 18",0.025880738469455666
2018-08-20,67.1891,67.9944,67.1101,67.6634,7295553,7295553,0.681772,1.018,67.6406,"Aug 20, 18",0.03632309110791862
2018-08-21,67.6634,68.612,67.5152,68.0092,8258507,8258507,0.345826,0.511,68.261,"Aug 21, 18",0.04161931513605096
2018-08-22,68.0191,68.2167,67.367,67.9401,4541197,4541197,-0.069164,-0.102,67.9486,"Aug 22, 18",0.040560989281961994
2018-08-23,67.7326,67.8808,67.031,67.2978,5522717,5522717,-0.64225,-0.945,67.338,"Aug 23, 18",0.030723613072391943
2018-08-24,67.6634,68.8441,67.5844,68.3847,6207754,6207754,1.0869,1.615,68.4414,"Aug 24, 18",0.047370420175274694
2018-08-27,68.8392,70.43,68.7108,69.9656,10421162,10421162,1.5809,2.312,69.9204,"Aug 27, 18",0.07158326160406055
2018-08-28,70.2769,70.7265,69.5211,69.8964,5943159,5943159,-0.069166,-0.099,70.0921,"Aug 28, 18",0.07052340416407582
2018-08-29,69.9656,71.0723,69.4419,70.5881,8689986,8689986,0.691653,0.99,70.5355,"Aug 29, 18",0.08111738380623605
2018-08-30,70.2503,70.4192,69.3365,69.7338,8632163,8632163,-0.854299,-1.21,69.6828,"Aug 30, 18",0.06803304549729074
2018-08-31,69.4656,70.0616,69.3663,69.6643,8130764,8130764,-0.069535,-0.1,69.6571,"Aug 31, 18",0.06696859329961806
2018-09-04,69.2868,69.7835,68.7802,69.257,10032475,10032475,-0.407278,-0.585,69.2149,"Sep 4, 18",0.060730443945487954
2018-09-05,69.1676,70.0914,68.8994,69.5848,7314398,7314398,0.327809,0.473,69.5666,"Sep 5, 18",0.06575098251235234
2018-09-06,69.5848,70.3298,69.2669,69.6146,6048046,6048046,0.029801,0.043,69.6687,"Sep 6, 18",0.06620739510933994
2018-09-07,69.0881,69.6742,68.5616,69.5351,7566210,7566210,-0.079469,-0.114,69.3914,"Sep 7, 18",0.06498978432207421
2018-09-10,69.8629,70.0864,69.5053,69.5947,8517642,8517642,0.059602,0.086,69.6964,"Sep 10, 18",0.06590260951604962
2018-09-11,69.0484,70.0815,68.7206,69.6146,7651033,7651033,0.019867,0.029,69.6541,"Sep 11, 18",0.06620739510933994
2018-09-12,69.5252,69.6146,68.6411,68.7802,7846599,7846599,-0.834422,-1.199,69.0461,"Sep 12, 18",0.05342784239368495
2018-09-13,69.1974,69.7835,68.363,68.4623,7118238,7118238,-0.317875,-0.462,68.8114,"Sep 13, 18",0.048558930830517835
2018-09-14,68.7901,69.0881,67.9656,68.1246,7438817,7438817,-0.337742,-0.493,68.2778,"Sep 14, 18",0.04338676525995617
2018-09-17,68.1246,69.2669,67.9557,68.363,6869242,6869242,0.238406,0.35,68.5269,"Sep 17, 18",0.04703806603585756
2018-09-18,68.8199,69.2073,67.5385,67.5782,8336134,8336134,-0.784753,-1.148,67.9127,"Sep 18, 18",0.03501817992458472
2018-09-19,67.5881,68.7255,67.1213,68.2736,10474538,10474538,0.695351,1.029,68.2132,"Sep 19, 18",0.045668828244894565
2018-09-20,68.9292,69.8927,68.9292,69.5649,8720207,8720207,1.2914,1.891,69.569,"Sep 20, 18",0.06544619691906181
2018-09-21,70.0119,70.1907,68.9292,69.2272,13301711,13301711,-0.337742,-0.486,69.5567,"Sep 21, 18",0.060274031348500144
2018-09-24,68.9689,69.1613,67.5881,67.7471,6725265,6725265,-1.4801,-2.138,67.8732,"Sep 24, 18",0.03760502850281365
2018-09-25,67.767,68.2338,67.4391,67.4987,6099851,6099851,-0.24834,-0.367,67.7406,"Sep 25, 18",0.033800569137319
2018-09-26,66.8332,67.2504,66.118,66.4458,13000236,13000236,-1.053,-1.56,66.5911,"Sep 26, 18",0.017674501239053154
2018-09-27,66.5551,66.6047,64.7968,64.8961,15278109,15278109,-1.5496,-2.332,65.1946,"Sep 27, 18",-0.006060485390201999
2018-09-28,64.6081,64.6677,63.6842,63.8829,12944817,12944817,-1.0132,-1.561,64.0615,"Sep 28, 18",-0.021578513687783085
2018-10-01,64.3399,65.3233,64.2952,64.3895,11676262,11676262,0.506613,0.793,64.6532,"Oct 1, 18",-0.013819499538992598
2018-10-02,64.469,65.0153,64.2703,64.3895,6973907,6973907,0,0,64.5399,"Oct 2, 18",-0.013819499538992598
2018-10-03,64.618,64.7769,63.6743,63.9624,11174204,11174204,-0.427144,-0.663,64.1592,"Oct 3, 18",-0.020360902900517258
2018-10-04,63.8432,63.8783,62.8896,63.5849,8872995,8872995,-0.377476,-0.59,63.3815,"Oct 4, 18",-0.026142639657659884
2018-10-05,63.3564,63.7836,62.4723,62.7704,7675999,7675999,-0.814555,-1.281,62.817,"Oct 5, 18",-0.03861740678002434
2018-10-08,62.5816,63.0584,62.2488,62.7406,9841878,9841878,-0.029801,-0.047,62.6851,"Oct 8, 18",-0.039073819377012035
2018-10-09,62.3631,62.4227,60.2091,60.436,15096273,15096273,-2.3046,-3.673,61.0112,"Oct 9, 18",-0.07437074793465635
2018-10-10,60.128,60.3863,58.6181,58.9261,19101791,19101791,-1.5099,-2.498,59.3395,"Oct 10, 18",-0.09749616337733065
2018-10-11,58.7098,59.8399,58.4194,58.5883,14969348,14969348,-0.337742,-0.573,59.0933,"Oct 11, 18",-0.10266986053378829
2018-10-12,59.9591,60.6942,58.6578,59.2638,11296673,11296673,0.675484,1.153,59.4217,"Oct 12, 18",-0.09232399780676888
2018-10-15,59.2936,59.7009,58.5287,58.5486,6355398,6355398,-0.715219,-1.207,58.905,"Oct 15, 18",-0.10327790013447316
2018-10-16,58.8764,60.1876,58.5386,59.8598,8542451,8542451,1.3112,2.24,59.5984,"Oct 16, 18",-0.08319574586701539
2018-10-17,59.5121,59.6413,58.6082,59.1744,7803981,7803981,-0.685417,-1.145,59.1536,"Oct 17, 18",-0.09369323559773197
2018-10-18,58.8069,59.2241,57.883,58.191,8812733,8812733,-0.983426,-1.662,58.4259,"Oct 18, 18",-0.10875485129832525
2018-10-19,56.9095,58.2704,56.8102,57.1082,14036405,14036405,-1.0828,-1.861,57.3804,"Oct 19, 18",-0.1253388633794749
2018-10-22,57.3963,57.5552,55.3996,55.6976,13293107,13293107,-1.4106,-2.47,55.9455,"Oct 22, 18",-0.1469434140274888
2018-10-23,54.6546,54.8732,53.3334,54.3169,18129079,18129079,-1.3808,-2.479,54.1694,"Oct 23, 18",-0.16809002049261929
2018-10-24,54.1877,54.3566,52.2258,52.3302,19487584,19487584,-1.9867,-3.658,52.9088,"Oct 24, 18",-0.19851803748709637
2018-10-25,53.0354,53.2738,52.168,52.5686,12897278,12897278,0.238406,0.456,52.6584,"Oct 25, 18",-0.19486673671119487
2018-10-26,52.0421,52.5437,50.9792,51.6547,22392555,22392555,-0.91389,-1.738,51.7169,"Oct 26, 18",-0.20886390021411566
2018-10-29,52.4792,52.9858,51.0885,51.7242,13179095,13179095,0.069535,0.135,52.2088,"Oct 29, 18",-0.20779944801644298
2018-10-30,51.7043,52.7672,51.2077,52.2805,15344570,15344570,0.556281,1.075,51.956,"Oct 30, 18",-0.19927923567737438
2018-10-31,53.1248,54.2324,52.8268,53.5619,16013363,16013363,1.2814,2.451,53.5374,"Oct 31, 18",-0.1796534940069043
2018-11-01,58.1413,59.1148,56.0155,57.883,23333839,23333839,4.3211,8.068,57.4286,"Nov 1, 18",-0.1134721358577952
2018-11-02,58.2903,58.8168,56.4029,57.3466,14988600,14988600,-0.536414,-0.927,57.3298,"Nov 2, 18",-0.1216875626035734
2018-11-05,57.6645,57.7042,56.8301,57.2473,8989274,8989274,-0.099336,-0.173,57.2193,"Nov 5, 18",-0.12320842739823366
2018-11-06,57.1281,58.0519,57.0089,57.6347,7445643,7445643,0.38741,0.677,57.5342,"Nov 6, 18",-0.11727506363739387
2018-11-07,58.4095,59.4823,57.8486,59.4327,12124027,12124027,1.798,3.12,58.8167,"Nov 7, 18",-0.08973714922854016
2018-11-08,59.0055,60.0486,58.8069,59.0453,12302352,12302352,-0.38741,-0.652,59.4032,"Nov 8, 18",-0.09567051298937995
2018-11-09,59.2042,59.2042,57.3714,58.2903,11663211,11663211,-0.754953,-1.279,58.1136,"Nov 9, 18",-0.10723398650366499
2018-11-12,58.33,58.6578,57.1479,57.3168,9631182,9631182,-0.973492,-1.67,57.7368,"Nov 12, 18",-0.1221439752005611
2018-11-13,57.446,58.489,57.0585,57.0883,9132874,9132874,-0.228472,-0.399,57.7034,"Nov 13, 18",-0.1256436489727653
2018-11-14,57.7837,58.2406,56.7854,57.595,9854087,9854087,0.506613,0.887,57.4753,"Nov 14, 18",-0.11788310323807885
2018-11-15,57.0784,58.9062,56.7009,58.34,12966926,12966926,0.745019,1.294,57.9335,"Nov 15, 18",-0.10647278831338686
2018-11-16,58.1214,59.0254,57.9426,58.7969,11280139,11280139,0.456945,0.783,58.4815,"Nov 16, 18",-0.0994749723548745
2018-11-19,58.638,59.2439,57.2572,57.4162,8774701,8774701,-1.3808,-2.348,57.8842,"Nov 19, 18",-0.12062157882000483
2018-11-20,56.542,56.7208,55.3996,55.9956,14468242,14468242,-1.4205,-2.474,56.0002,"Nov 20, 18",-0.14237928805761202
2018-11-21,56.2738,57.3963,56.0354,56.5917,9070154,9070154,0.596015,1.064,56.8791,"Nov 21, 18",-0.13324950453196255
2018-11-23,55.8268,56.5321,55.5486,56.0552,3893586,3893586,-0.536414,-0.948,56.1574,"Nov 23, 18",-0.14146646286363673
2018-11-26,56.393,57.6347,56.3433,57.2771,10066480,10066480,1.2218,2.18,57.2339,"Nov 26, 18",-0.12275201480124608
2018-11-27,56.7705,57.0188,56.1049,56.8003,7230229,7230229,-0.476812,-0.832,56.5752,"Nov 27, 18",-0.13005461635304885
2018-11-28,56.8301,57.5254,55.797,56.84,14862705,14862705,0.039734,0.07,56.7425,"Nov 28, 18",-0.12944657675236387
2018-11-29,56.95,57.67,56.76,57.24,9839152,9839152,0.399998,0.704,57.2499,"Nov 29, 18",-0.1233202331686367
2018-11-30,56.92,58.0168,56.92,57.85,13688647,13688647,0.61,1.066,57.6994,"Nov 30, 18",-0.11397755920345272
2018-12-03,59.6,60.205,58.48,59.16,13018743,13018743,1.31,2.264,59.2492,"Dec 3, 18",-0.09391378396674618
2018-12-04,58.95,58.95,56.34,56.49,11870833,11870833,-2.67,-4.513,57.1518,"Dec 4, 18",-0.1348071273881252
2018-12-06,55.28,55.92,53.75,55.92,14819527,14819527,-0.57,-1.009,54.9034,"Dec 6, 18",-0.1435371669949365
2018-12-07,56.15,57.27,53.51,53.75,17496786,17496786,-2.17,-3.881,54.9276,"Dec 7, 18",-0.1767725809366566
2018-12-10,53.44,54.07,52.22,53.8,15108460,15108460,0.05,0.093,53.1703,"Dec 10, 18",-0.17600678798869074
2018-12-11,54.96,55.64,53.07,53.26,12075269,12075269,-0.54,-1.004,54.0313,"Dec 11, 18",-0.18427735182672247
2018-12-12,54.255,54.995,53.873,54.35,15666636,15666636,1.09,2.047,54.4322,"Dec 12, 18",-0.16758306556106578
2018-12-13,54.53,54.85,53.44,53.78,10367115,10367115,-0.57,-1.049,54.1769,"Dec 13, 18",-0.17631310516787704
2018-12-14,53.27,53.94,52.57,52.78,11842402,11842402,-1,-1.859,53.0882,"Dec 14, 18",-0.19162896412719507
2018-12-17,52.6,53.32,51.205,51.68,15261758,15261758,-1.1,-2.084,52.2669,"Dec 17, 18",-0.2084764089824449
2018-12-18,52.27,53.25,51.85,52.29,15975122,15975122,0.61,1.18,52.6268,"Dec 18, 18",-0.19913373501726092
2018-12-19,52.45,54.31,51.84,52.16,19137249,19137249,-0.13,-0.249,52.9247,"Dec 19, 18",-0.2011247966819723
2018-12-20,51.58,52.76,50.49,51.04,21002429,21002429,-1.12,-2.147,51.4593,"Dec 20, 18",-0.21827855871640844
2018-12-21,50.83,52.32,50.53,50.59,24348715,24348715,-0.45,-0.882,51.0828,"Dec 21, 18",-0.2251706952481015
2018-12-24,50.38,50.62,49,49.09,8354914,8354914,-1.5,-2.965,49.7675,"Dec 24, 18",-0.2481444836870785
2018-12-26,49.42,52.23,48.89,52.23,13490256,13490256,3.14,6.396,50.6032,"Dec 26, 18",-0.20005268655482003
2018-12-27,51.14,53.34,51.07,53.33,12439205,12439205,1.1,2.106,52.2031,"Dec 27, 18",-0.1832052416995702
2018-12-28,53.68,54.07,52.79,53.02,10648714,10648714,-0.31,-0.581,53.3201,"Dec 28, 18",-0.18795315797695872
2018-12-31,53.08,54,52.74,53.48,10921197,10921197,0.46,0.868,53.1996,"Dec 31, 18",-0.1809078628556725
2019-01-02,52.49,54.93,52.31,54.52,11760804,11760804,1.04,1.945,54.2297,"Jan 2, 19",-0.16497936953798167
2019-01-03,54.2,54.23,52.27,52.51,11912323,11912323,-2.01,-3.687,52.8394,"Jan 3, 19",-0.19576424604621098
2019-01-04,53.74,54.95,53.5661,54.73,13870741,13870741,2.22,4.228,54.4195,"Jan 4, 19",-0.16176303915652498
2019-01-07,54.8,55.505,54.13,54.76,10993901,10993901,0.03,0.055,54.9125,"Jan 7, 19",-0.16130356338774543
2019-01-08,55.42,56.14,55.03,55.39,10134749,10134749,0.63,1.15,55.495,"Jan 8, 19",-0.15165457224337506
2019-01-09,55.58,56.06,54.92,55.62,7473213,7473213,0.23,0.415,55.5411,"Jan 9, 19",-0.14813192468273195
2019-01-10,54.99,55.74,54.51,55.68,10311038,10311038,0.06,0.108,55.3449,"Jan 10, 19",-0.14721297314517284
2019-01-11,55.24,55.7249,54.71,55.28,7160430,7160430,-0.4,-0.718,55.1968,"Jan 11, 19",-0.15333931672890003
2019-01-14,54.53,55.78,54.29,55.38,8960614,8960614,0.1,0.181,55.3109,"Jan 14, 19",-0.1518077308329682
2019-01-15,54.84,55.51,54.38,55.01,6263312,6263312,-0.37,-0.668,54.8586,Jan 15,-0.15747459864791594
2019-01-16,54.79,55.99,54.75,55.4,7827782,7827782,0.39,0.709,55.6101,Jan 16,-0.1515014136537819
2019-01-17,55.43,57.09,55.33,57.04,10668551,10668551,1.64,2.96,56.4766,Jan 17,-0.12638340496050035
2019-01-18,57.63,58.53,57.45,58.06,12061580,12061580,1.02,1.788,57.9783,Jan 18,-0.11076122882199592
2019-01-22,57.68,57.81,55.88,56.24,11787618,11787618,-1.82,-3.135,56.3971,Jan 22,-0.13863609212795472
2019-01-23,56.34,56.61,55.76,56.43,9649286,9649286,0.19,0.338,56.2385,Jan 23,-0.13572607892568433
2019-01-24,56.09,56.74,55.92,56.33,9056107,9056107,-0.1,-0.177,56.3818,Jan 24,-0.13725766482161614
2019-01-25,57.15,58.3,57.11,57.76,7719002,7719002,1.43,2.539,57.8544,Jan 25,-0.1153559865097914
2019-01-28,57.09,58.25,56.94,58.13,16632873,16632873,0.37,0.641,57.8585,Jan 28,-0.10968911869484366
2019-01-29,57.99,58.87,57.99,58.52,8548566,8548566,0.39,0.671,58.5228,Jan 29,-0.10371593370070963
2019-01-30,58.57,60.07,58.42,59.28,16310423,16310423,0.76,1.299,59.2575,Jan 30,-0.09207588089162795
2019-01-31,54.47,56.99,53.6637,53.81,34754729,34754729,-5.47,-9.227,54.3999,Jan 31,-0.1758536293990975
2019-02-01,53.44,54.0299,52.77,53.47,21033673,21033673,-0.34,-0.632,53.3616,Feb 1,-0.18106102144526567
2019-02-04,53.16,53.16,52.51,53.13,16136526,16136526,-0.34,-0.636,52.867,Feb 4,-0.18626841349143375
2019-02-05,53.12,54.39,53.05,54.26,14272856,14272856,1.13,2.127,54.0435,Feb 5,-0.16896149286740444
2019-02-06,53.735,54.3,53.16,53.21,11508249,11508249,-1.05,-1.935,53.5253,Feb 6,-0.18504314477468833
2019-02-07,52.79,52.96,51.49,52.18,12874672,12874672,-1.03,-1.936,52.066,Feb 7,-0.2008184795027859
2019-02-08,51.69,52,50.83,51.71,10415980,10415980,-0.47,-0.901,51.414,Feb 8,-0.20801693321366535
2019-02-11,52.31,52.31,51.8,52,11651408,11651408,0.29,0.561,51.9922,Feb 11,-0.20357533411546314
2019-02-12,52.53,53.525,52.11,53.36,11942456,11942456,1.36,2.615,52.9841,Feb 12,-0.18274576593079064
2019-02-13,53.81,53.85,53.1,53.14,9403541,9403541,-0.22,-0.412,53.4096,Feb 13,-0.18611525490184058
2019-02-14,52.82,53.36,52.65,52.66,7923412,7923412,-0.48,-0.903,52.9056,Feb 14,-0.1934668672023133
2019-02-15,53.21,54.29,53.13,54.24,13438127,13438127,1.58,3,53.6533,Feb 15,-0.16926781004659075